{
  "num_samples": 2600,
  "sample_rate_hz": 50.0,
  "duration_sec": 51.979999999998896,
  "eval_start_sec": 10.014511715011807,
  "eval_end_sec": 61.9945117150107,
  "eval_requested_start_sec": 10.0,
  "eval_requested_end_sec": 62.0,
  "rmse_q0_rad": 0.27681504301211063,
  "mean_correction_norm_rad": 0.693312784570373,
  "max_correction_norm_rad": 2.3099118896252246,
  "self_unsafe_M_clear_m": -0.12461352961386847,
  "self_unsafe_M_ctr": 0.8173076923076923,
  "self_unsafe_M_cc": 2,
  "self_safe_M_clear_m": -0.0014198475941283595,
  "self_safe_M_ctr": 0.002307692307692308,
  "self_safe_M_cc": 2,
  "self_delta_M_clear_m": 0.12319368201974011,
  "self_delta_M_ctr": -0.815,
  "self_delta_M_cc": 0,
  "hr_unsafe_M_clear_m": -0.11441664249810628,
  "hr_unsafe_M_ctr": 0.1596153846153846,
  "hr_unsafe_M_cc": 5,
  "hr_safe_M_clear_m": 0.0027748646532728127,
  "hr_safe_M_ctr": 0.0,
  "hr_safe_M_cc": 0,
  "hr_delta_M_clear_m": 0.11719150715137909,
  "hr_delta_M_ctr": -0.1596153846153846,
  "hr_delta_M_cc": -5,
  "merge_unsafe_M_clear_m": -0.12461352961386847,
  "merge_unsafe_M_ctr": 0.9092307692307692,
  "merge_unsafe_M_cc": 6,
  "merge_safe_M_clear_m": -0.0014198475941283595,
  "merge_safe_M_ctr": 0.002307692307692308,
  "merge_safe_M_cc": 2,
  "merge_delta_M_clear_m": 0.12319368201974011,
  "merge_delta_M_ctr": -0.9069230769230768,
  "merge_delta_M_cc": -4,
  "merge_definition": "minimum over all monitored self-collision and human-robot collision clearance margins",
  "merge_sources": [
    "self",
    "hr"
  ],
  "unsafe_ndtw_link_rad": 1.0325146627181172,
  "unsafe_ndtw_link_rad_mean": 0.2581286656795293,
  "unsafe_dtw_total_cost": 627.7689149326144,
  "unsafe_dtw_path_length": 608,
  "unsafe_dtw_lag_mean_sec": 0.09039473684210336,
  "unsafe_dtw_lag_median_sec": 0.09999999999999432,
  "unsafe_dtw_lag_min_sec": -0.259999999999998,
  "unsafe_dtw_lag_max_sec": 0.17999999999999972,
  "unsafe_dtw_lag_abs_mean_sec": 0.11796052631578695,
  "unsafe_global_best_lag_sec": 0.10000000000000187,
  "unsafe_global_best_lag_cost_rad": 1.0505349470580247,
  "unsafe_dtw_num_human_frames": 600,
  "unsafe_dtw_num_robot_frames": 600,
  "safe_ndtw_link_rad": 1.880791209515066,
  "safe_ndtw_link_rad_mean": 0.4701978023787665,
  "safe_dtw_total_cost": 1171.7329235278867,
  "safe_dtw_path_length": 623,
  "safe_dtw_lag_mean_sec": 0.8270304975922776,
  "safe_dtw_lag_median_sec": 0.6999999999999886,
  "safe_dtw_lag_min_sec": 0.0,
  "safe_dtw_lag_max_sec": 1.4799999999999685,
  "safe_dtw_lag_abs_mean_sec": 0.8270304975922776,
  "safe_global_best_lag_sec": 1.0400000000000027,
  "safe_global_best_lag_cost_rad": 1.9205429402451113,
  "safe_dtw_num_human_frames": 600,
  "safe_dtw_num_robot_frames": 600,
  "zed_indices_used": {
    "pelvis": 0,
    "spine_1": 1,
    "spine_2": 2,
    "spine_3": 3,
    "neck": 4,
    "nose": 5,
    "left_clavicle": 10,
    "right_clavicle": 11,
    "left_shoulder": 12,
    "right_shoulder": 13,
    "left_elbow": 14,
    "right_elbow": 15,
    "left_wrist": 16,
    "right_wrist": 17,
    "left_middle_tip": 34,
    "right_middle_tip": 35
  },
  "ndtw_link_definition": "human local torso-frame link directions vs robot local pelvis-frame/capsule-axis directions for Lu,Lf,Ru,Rf; cost=sum acos(dot); capsule axes use sign-invariant min(angle(v), angle(-v)) to remove endpoint-order ambiguity."
}