{
  "num_samples": 2600,
  "sample_rate_hz": 50.0,
  "duration_sec": 51.979999999998896,
  "eval_start_sec": 10.015394728003816,
  "eval_end_sec": 61.99539472800271,
  "eval_requested_start_sec": 10.0,
  "eval_requested_end_sec": 62.0,
  "rmse_q0_rad": 0.2976926820540971,
  "mean_correction_norm_rad": 0.7606947285800472,
  "max_correction_norm_rad": 1.6361855217707892,
  "self_unsafe_M_clear_m": -0.12702523147486167,
  "self_unsafe_M_ctr": 0.8173076923076923,
  "self_unsafe_M_cc": 2,
  "self_safe_M_clear_m": -0.004605706149972105,
  "self_safe_M_ctr": 0.004230769230769231,
  "self_safe_M_cc": 1,
  "self_delta_M_clear_m": 0.12241952532488956,
  "self_delta_M_ctr": -0.813076923076923,
  "self_delta_M_cc": -1,
  "hr_unsafe_M_clear_m": -0.11478592305494582,
  "hr_unsafe_M_ctr": 0.18653846153846154,
  "hr_unsafe_M_cc": 8,
  "hr_safe_M_clear_m": -0.004458752501901003,
  "hr_safe_M_ctr": 0.008461538461538461,
  "hr_safe_M_cc": 3,
  "hr_delta_M_clear_m": 0.11032717055304482,
  "hr_delta_M_ctr": -0.17807692307692308,
  "hr_delta_M_cc": -5,
  "merge_unsafe_M_clear_m": -0.12702523147486167,
  "merge_unsafe_M_ctr": 0.9211538461538461,
  "merge_unsafe_M_cc": 5,
  "merge_safe_M_clear_m": -0.004605706149972105,
  "merge_safe_M_ctr": 0.012692307692307692,
  "merge_safe_M_cc": 4,
  "merge_delta_M_clear_m": 0.12241952532488956,
  "merge_delta_M_ctr": -0.9084615384615384,
  "merge_delta_M_cc": -1,
  "merge_definition": "minimum over all monitored self-collision and human-robot collision clearance margins",
  "merge_sources": [
    "self",
    "hr"
  ],
  "unsafe_ndtw_link_rad": 1.0199210458122703,
  "unsafe_ndtw_link_rad_mean": 0.25498026145306757,
  "unsafe_dtw_total_cost": 617.0522327164231,
  "unsafe_dtw_path_length": 605,
  "unsafe_dtw_lag_mean_sec": 0.1011239669421466,
  "unsafe_dtw_lag_median_sec": 0.09999999999999432,
  "unsafe_dtw_lag_min_sec": -0.17999999999999616,
  "unsafe_dtw_lag_max_sec": 0.17999999999999972,
  "unsafe_dtw_lag_abs_mean_sec": 0.1085289256198324,
  "unsafe_global_best_lag_sec": 0.10000000000000187,
  "unsafe_global_best_lag_cost_rad": 1.0310986423852326,
  "unsafe_dtw_num_human_frames": 600,
  "unsafe_dtw_num_robot_frames": 600,
  "safe_ndtw_link_rad": 1.8671953025135972,
  "safe_ndtw_link_rad_mean": 0.4667988256283993,
  "safe_dtw_total_cost": 1200.6065795162435,
  "safe_dtw_path_length": 643,
  "safe_dtw_lag_mean_sec": 1.4495178849144326,
  "safe_dtw_lag_median_sec": 1.1999999999999744,
  "safe_dtw_lag_min_sec": 0.0,
  "safe_dtw_lag_max_sec": 3.559999999999931,
  "safe_dtw_lag_abs_mean_sec": 1.4495178849144326,
  "safe_global_best_lag_sec": 2.0000000000000036,
  "safe_global_best_lag_cost_rad": 1.9800657053789352,
  "safe_dtw_num_human_frames": 600,
  "safe_dtw_num_robot_frames": 600,
  "zed_indices_used": {
    "pelvis": 0,
    "spine_1": 1,
    "spine_2": 2,
    "spine_3": 3,
    "neck": 4,
    "nose": 5,
    "left_clavicle": 10,
    "right_clavicle": 11,
    "left_shoulder": 12,
    "right_shoulder": 13,
    "left_elbow": 14,
    "right_elbow": 15,
    "left_wrist": 16,
    "right_wrist": 17,
    "left_middle_tip": 34,
    "right_middle_tip": 35
  },
  "ndtw_link_definition": "human local torso-frame link directions vs robot local pelvis-frame/capsule-axis directions for Lu,Lf,Ru,Rf; cost=sum acos(dot); capsule axes use sign-invariant min(angle(v), angle(-v)) to remove endpoint-order ambiguity."
}