{
  "num_samples": 2600,
  "sample_rate_hz": 50.0,
  "duration_sec": 51.97999999999889,
  "eval_start_sec": 10.00574418800003,
  "eval_end_sec": 61.98574418799892,
  "eval_requested_start_sec": 10.0,
  "eval_requested_end_sec": 62.0,
  "rmse_q0_rad": 0.21416892006886246,
  "mean_correction_norm_rad": 0.4587141062114143,
  "max_correction_norm_rad": 1.4543944205159138,
  "hr_unsafe_M_clear_m": -0.11472526743536082,
  "hr_unsafe_M_ctr": 0.20423076923076924,
  "hr_unsafe_M_cc": 11,
  "hr_safe_M_clear_m": -0.01078508995975895,
  "hr_safe_M_ctr": 0.007307692307692308,
  "hr_safe_M_cc": 2,
  "hr_delta_M_clear_m": 0.10394017747560187,
  "hr_delta_M_ctr": -0.19692307692307692,
  "hr_delta_M_cc": -9,
  "unsafe_ndtw_link_rad": 1.0212341845923159,
  "unsafe_ndtw_link_rad_mean": 0.25530854614807896,
  "unsafe_dtw_total_cost": 617.8466816783509,
  "unsafe_dtw_path_length": 605,
  "unsafe_dtw_lag_mean_sec": 0.10052892561983258,
  "unsafe_dtw_lag_median_sec": 0.09999999999999432,
  "unsafe_dtw_lag_min_sec": -0.17999999999999616,
  "unsafe_dtw_lag_max_sec": 0.17999999999999972,
  "unsafe_dtw_lag_abs_mean_sec": 0.10859504132231172,
  "unsafe_global_best_lag_sec": 0.10000000000000187,
  "unsafe_global_best_lag_cost_rad": 1.0323423207889362,
  "unsafe_dtw_num_human_frames": 600,
  "unsafe_dtw_num_robot_frames": 600,
  "safe_ndtw_link_rad": 1.439868592374328,
  "safe_ndtw_link_rad_mean": 0.359967148093582,
  "safe_dtw_total_cost": 914.3165561576978,
  "safe_dtw_path_length": 635,
  "safe_dtw_lag_mean_sec": 0.7799370078739991,
  "safe_dtw_lag_median_sec": 0.519999999999996,
  "safe_dtw_lag_min_sec": 0.0,
  "safe_dtw_lag_max_sec": 2.6999999999999424,
  "safe_dtw_lag_abs_mean_sec": 0.7799370078739991,
  "safe_global_best_lag_sec": 0.7800000000000025,
  "safe_global_best_lag_cost_rad": 1.5095644082832393,
  "safe_dtw_num_human_frames": 600,
  "safe_dtw_num_robot_frames": 600,
  "zed_indices_used": {
    "pelvis": 0,
    "spine_1": 1,
    "spine_2": 2,
    "spine_3": 3,
    "neck": 4,
    "nose": 5,
    "left_clavicle": 10,
    "right_clavicle": 11,
    "left_shoulder": 12,
    "right_shoulder": 13,
    "left_elbow": 14,
    "right_elbow": 15,
    "left_wrist": 16,
    "right_wrist": 17,
    "left_middle_tip": 34,
    "right_middle_tip": 35
  },
  "ndtw_link_definition": "human local torso-frame link directions vs robot local pelvis-frame/capsule-axis directions for Lu,Lf,Ru,Rf; cost=sum acos(dot); capsule axes use sign-invariant min(angle(v), angle(-v)) to remove endpoint-order ambiguity."
}