{
  "num_samples": 2100,
  "sample_rate_hz": 50.0,
  "duration_sec": 41.97999999999911,
  "eval_start_sec": 8.006730123005614,
  "eval_end_sec": 49.98673012300472,
  "eval_requested_start_sec": 8.0,
  "eval_requested_end_sec": 50.0,
  "rmse_q0_rad": 0.16776119513623403,
  "mean_correction_norm_rad": 0.44431285616247046,
  "max_correction_norm_rad": 1.0346950119121188,
  "self_unsafe_M_clear_m": -0.12791644165604008,
  "self_unsafe_M_ctr": 0.7757142857142857,
  "self_unsafe_M_cc": 8,
  "self_safe_M_clear_m": -0.0022435368948122425,
  "self_safe_M_ctr": 0.004285714285714286,
  "self_safe_M_cc": 1,
  "self_delta_M_clear_m": 0.12567290476122783,
  "self_delta_M_ctr": -0.7714285714285714,
  "self_delta_M_cc": -7,
  "unsafe_ndtw_link_rad": 1.1996691023079165,
  "unsafe_ndtw_link_rad_mean": 0.2999172755769791,
  "unsafe_dtw_total_cost": 731.798152407829,
  "unsafe_dtw_path_length": 610,
  "unsafe_dtw_lag_mean_sec": 0.03770491803278609,
  "unsafe_dtw_lag_median_sec": 0.019999999999999574,
  "unsafe_dtw_lag_min_sec": -0.13999999999999702,
  "unsafe_dtw_lag_max_sec": 0.27999999999999403,
  "unsafe_dtw_lag_abs_mean_sec": 0.1045245901639322,
  "unsafe_global_best_lag_sec": 0.08000000000000185,
  "unsafe_global_best_lag_cost_rad": 1.2253948495566374,
  "unsafe_dtw_num_human_frames": 600,
  "unsafe_dtw_num_robot_frames": 600,
  "safe_ndtw_link_rad": 1.4126784364423544,
  "safe_ndtw_link_rad_mean": 0.3531696091105886,
  "safe_dtw_total_cost": 867.3845599756057,
  "safe_dtw_path_length": 614,
  "safe_dtw_lag_mean_sec": 0.43931596091204267,
  "safe_dtw_lag_median_sec": 0.4399999999999906,
  "safe_dtw_lag_min_sec": 0.0,
  "safe_dtw_lag_max_sec": 0.7199999999999847,
  "safe_dtw_lag_abs_mean_sec": 0.43931596091204267,
  "safe_global_best_lag_sec": 0.6000000000000023,
  "safe_global_best_lag_cost_rad": 1.4359498891186102,
  "safe_dtw_num_human_frames": 600,
  "safe_dtw_num_robot_frames": 600,
  "zed_indices_used": {
    "pelvis": 0,
    "spine_1": 1,
    "spine_2": 2,
    "spine_3": 3,
    "neck": 4,
    "nose": 5,
    "left_clavicle": 10,
    "right_clavicle": 11,
    "left_shoulder": 12,
    "right_shoulder": 13,
    "left_elbow": 14,
    "right_elbow": 15,
    "left_wrist": 16,
    "right_wrist": 17,
    "left_middle_tip": 34,
    "right_middle_tip": 35
  },
  "ndtw_link_definition": "human local torso-frame link directions vs robot local pelvis-frame/capsule-axis directions for Lu,Lf,Ru,Rf; cost=sum acos(dot); capsule axes use sign-invariant min(angle(v), angle(-v)) to remove endpoint-order ambiguity."
}